{"count":1,"self":163.99679999999998,"total":227.1578161,"children":{"InitializeActuators":{"count":1,"self":0.0059844999999999994,"total":0.0059844999999999994,"children":null},"InitializeSensors":{"count":1,"self":0.0076029999999999995,"total":0.0076029999999999995,"children":null},"AgentSendState":{"count":28717,"self":1.0729705999999999,"total":1.7939000999999999,"children":{"CollectObservations":{"count":5744,"self":0.0698165,"total":0.0698165,"children":null},"WriteActionMask":{"count":5744,"self":0.026399099999999998,"total":0.026399099999999998,"children":null},"RequestDecision":{"count":5744,"self":0.128711,"total":0.62471389999999993,"children":{"AgentInfo.ToProto":{"count":5744,"self":0.09332879999999999,"total":0.49600289999999997,"children":{"GenerateSensorData":{"count":5744,"self":0.33538019999999996,"total":0.4026741,"children":{"RayPerceptionSensor.Perceive":{"count":5744,"self":0.0672939,"total":0.0672939,"children":null}}}}}}}}},"DecideAction":{"count":28717,"self":60.8554368,"total":60.8554391,"children":null},"AgentAct":{"count":28717,"self":0.4953256,"total":0.4953256,"children":null},"AgentInfo.ToProto":{"count":21,"self":0,"total":0.0027605999999999998,"children":{"GenerateSensorData":{"count":21,"self":0.0027605999999999998,"total":0.0027605999999999998,"children":{"RayPerceptionSensor.Perceive":{"count":21,"self":0,"total":0,"children":null}}}}}},"gauges":{"AgentSphereBehavior.CumulativeReward":{"count":21,"max":-1.27080393,"min":-4.24726725,"runningAverage":-2.222142,"value":-2.05293417,"weightedAverage":-2.496464}},"metadata":{"timer_format_version":"0.1.0","start_time_seconds":"1747462677","unity_version":"2022.3.62f1","command_line_arguments":"C:\\Program Files\\Unity\\Hub\\Editor\\2022.3.62f1\\Editor\\Unity.exe -projectpath C:\\Users\\JANE\\Reinforcement Learning\\RLObstacleCourse -useHub -hubIPC -cloudEnvironment production -licensingIpc LicenseClient-JANE -hubSessionId 9ac3176d-7cb0-494a-91c4-aeda98bf3f18 -accessToken Qj7jiPvIR-1z-8gvB6SJvWwwQCKE9Wk3nSMvLHFYipI007f","communication_protocol_version":"1.5.0","com.unity.ml-agents_version":"2.0.1","scene_name":"MainCourseScene","end_time_seconds":"1747462904"}}